sampleid	subject_age	weight_2	height_2	bmi_2	sex	inr_target	stool_type_selfreport	weekly_dose_v2	subject_inr	vitk	samplegroup
3_1	73.23079871592161	226	73	4137.516796560065	1	2.5	2	65	1.6	157.3	sample1
3_2	73.23079871592161	226	73	4137.516796560065	1	2.5	4	65	2.2	151	sample1
3_3	73.23079871592161	226	73	4137.516796560065	1	2.5	2	65	2.6	74.7	sample1
1_3	58.67334715976372	151.9	63	3754.0049839801	2	3	6	26.3	2.7	392.1	sample3
1_1	58.67334715976372	151.9	63	3754.0049839801	2	3	4	25	3.4	256.1	sample3
1_2	58.67334715976372	151.9	63	3754.0049839801	2	3	1	26.3	2.4	407.1	sample3
